From jrg@doc.ic.ac.uk Mon Jan 18 14:52:18 1993
From: jrg@doc.ic.ac.uk (James Grinter)
Newsgroups: icdoc.general
Subject: Re: A List Of Some Addresses
Date: 18 Jan 93 12:12:07 GMT
Organization: Dept. Of Computing, Imperial College of STM, UoL, UK
Distribution: world
NNTP-Posting-Host: oak44.doc.ic.ac.uk
In-reply-to: ph@doc.ic.ac.uk's message of 15 Jan 1993 13:46:45 -0000

In article <1j6f86INNat8@oak5.doc.ic.ac.uk> ph@doc.ic.ac.uk (Paul Hickman) writes:

   Thanks to those who gave me the addresses I require. Whilst searching,
   I came accross this list of UK sites, which although does not have
   site names attached, may be useful to those who are looking for other
   uni's.

Here's a bit of a better list. It contains uucp, NRS abbreviated and
NRS standard names (they're the long ones, only used by uk people who
think that longer means easier to remember :)

This is as at 6th March 1992, cos they don't seem to have this
document on-line and accessible any more.

UUCP name    NRS Abbreviated name   NRS Standard name
abccam       uk.co.abcl             *uk.co.active-book-co
abdn-cs      *uk.ac.abdn.csd        uk.ac.aberdeen.computing-science
abdn-erg     *uk.ac.abdn.erg        uk.ac.aberdeen.erg
abekrd       *uk.co.abekrd          uk.co.abekas-video-systems
aber         *uk.ac.aber            uk.ac.aberystwyth
aber-cs      *uk.ac.aber.cs         uk.ac.aberystwyth.compsci
aberdeen     uk.ac.abdn             *uk.ac.aberdeen
abigale      -                      -
aclark       -                      -
aclondon     -                      -
acorn        *uk.co.acorn           *uk.co.acorn
advsys       -                      -
afeltd       *uk.co.afe             *uk.co.afe
afeltd1      *uk.co.afe.displays    *uk.co.afe.displays
ahl          *uk.co.ahl             uk.co.abstract-hardware-ltd
aiai         *uk.ac.ed.aiai         uk.ac.edinburgh.aiai
aifh         *uk.ac.ed.aifh         uk.ac.edinburgh.aifh
aiil         *uk.co.aiil            uk.co.artificial-intelligence-international
aipna        *uk.ac.ed.aipna        uk.ac.edinburgh.aipna
aisnet       -                      -
aiva         *uk.ac.ed.aiva         uk.ac.edinburgh.aiva
aivru        uk.ac.shef.aivru       *uk.ac.sheffield.aivru
aldev        -                      -
algor        -                      -
alper        -                      -
alsys        *uk.co.alsys           *uk.co.alsys
amthq        -                      -
ansa         *uk.co.ansa            *uk.co.ansa
aom          *uk.co.bt.aom          uk.co.british-telecom.aom
apricot      *uk.co.apricot         *uk.co.apricot
armltd       *uk.co.armltd          uk.co.advanced-risc-machines
arrc         *uk.ac.salf.arrc       uk.ac.salford.advanced-robotics-research-centre
ase          -                      -
asl          *uk.co.anvil           *uk.co.anvil
asmec        *uk.co.asmec           uk.co.andrew-sykes-microelectronics
aston        *uk.ac.aston           *uk.ac.aston
astona       *uk.ac.aston.vaxa      *uk.ac.aston.vaxa
astonb       *uk.ac.aston.vaxb      *uk.ac.aston.vaxb
astonc       *uk.ac.aston.clust     uk.ac.aston.vax.cluster
astonk       *uk.ac.aston.kirk      uk.ac.aston.vax.kirk
astonm       *uk.ac.aston.mail      *uk.ac.aston.mail
astons       *uk.ac.aston.spock     uk.ac.aston.vax.spock
astonu       *uk.ac.aston.uhura     *uk.ac.aston.uhura
astrom       *uk.co.astrom          uk.co.astromed-ltd
axion        *uk.co.bt.axion        uk.co.british-telecom.axion
azit         *uk.co.bt.azit         uk.co.british-telecom.azit
bae-def      *uk.co.bae.def         uk.co.british-aerospace.defence
bae-st       *uk.co.bae.dyn.ste     uk.co.british-aerospace.dynamics.stevenage
bae-wa       *uk.co.bae.mal.wa      uk.co.british-aerospace.mal.warton
bae-wa1      -                      -
baesrc       *uk.co.bae.src         uk.co.british-aerospace.sowerby-research-centre
bain         -                      -
ban-va       *uk.ac.bangor.vaxa     *uk.ac.bangor.vaxa
ban-vb       *uk.ac.bangor.vaxb     *uk.ac.bangor.vaxb
ban-vc       *uk.ac.bangor.vaxc     *uk.ac.bangor.vaxc
barclays     uk.co.barc             *uk.co.barclays
bat-ma       *uk.ac.bath.maths      *uk.ac.bath.maths
bbc          -                      -
bbkcs        *uk.ac.bbk.cs          *uk.ac.bbk.cs
bbkcu        *uk.ac.bbk.cu          *uk.ac.bbk.cu
bccuk        -                      -
bgers        *uk.co.bgers           uk.co.british-gas-ers
bham         uk.ac.bham             *uk.ac.birmingham
bhamcs       *uk.ac.bham.cs         uk.ac.birmingham.computer-science
bhamib       uk.ac.bham.ibm3090     *uk.ac.birmingham.computer-centre.ibm3090
bhamvx       uk.ac.bham.vax1        *uk.ac.birmingham.computer-centre.vax1
biccdn       -                      -
bilpin       *uk.co.bilpin          *uk.co.bilpin
birmpsa      *uk.ac.birmp.sa        uk.ac.birmingham-poly.sysa
bjcong       uk.co.bj               *uk.co.boldon-james-limited
bmads        *uk.ac.ucl.bmads       *uk.ac.ucl.bmads
bmtech       -                      -
bmthpoly     uk.ac.bmth             *uk.ac.bournemouth
bnruk        *uk.co.stc.stl         *uk.co.stc.stl
bpoly1       *uk.ac.bton.unix       uk.ac.brighton.unix
bpoly2       *uk.ac.bton.vms        uk.ac.brighton.vms
bprcsitu     -                      -
bra0108      -                      -
bra0112      -                      -
bra0114      -                      -
bra0116      -                      -
bra0118      -                      -
bra0119      -                      -
bra0121      -                      -
bra0501      -                      -
bradcc       *uk.ac.bradford        *uk.ac.bradford
brispoly     *uk.ac.brispoly.csd    uk.ac.bristol-poly.csd
brno         -                      -
bru-cc       *uk.ac.brunel.cc       *uk.ac.brunel.cc
brunel       *uk.ac.brunel          *uk.ac.brunel
bsbsa        *uk.ac.bris.bsa        uk.ac.bristol.bsa
bscdev       *uk.co.bscdev          uk.co.brazier-systems-and-consultants
bscms        *uk.ac.bris.cms        uk.ac.bristol.cms
bsgma        *uk.ac.bris.gma        uk.ac.bristol.gma
bsiqa        -                      -
bsmail       *uk.ac.bris            uk.ac.bristol
bsnp1a       *uk.ac.bris.np1a       uk.ac.bristol.np1a
bspva        *uk.ac.bris.siva       uk.ac.bristol.siva
bsseqa       *uk.ac.bris.seqa       uk.ac.bristol.seqa
bssl         -                      -
bt-web       *uk.co.bt.bt-web       uk.co.british-telecom.bt-web
btcase       *uk.co.bt.btcase       uk.co.british-telecom.btcase
btrcosmos    *uk.co.bt.btrcosmos    uk.co.british-telecom.btrcosmos
btreeuk      uk.co.btree            *uk.co.brooktree
btrlc7       *uk.co.bt.btrlc7       uk.co.british-telecom.btrlc7
bttelex      *uk.co.bt.bttelex      uk.co.british-telecom.bttelex
buck         *uk.ac.buck            uk.ac.buckingham
buzzard      *uk.co.bt.buzzard      uk.co.british-telecom.buzzard
caaseg       -                      -
cad-cen      *uk.co.cad-cen         uk.co.cadcentre
cam-ani      *uk.co.cam-ani         uk.co.cambridge-animation
cam-cl       *uk.ac.cam.cl          uk.ac.cambridge.computer-lab
cam-eng      *uk.ac.cam.eng         uk.ac.cambridge.engineering
cam-orl      *uk.co.cam-orl         *uk.co.cam-orl
camalg       *uk.co.camalg          uk.co.cambridge-algorithmica-limited
cambust      *uk.co.cambustion      *uk.co.cambustion
camcon       *uk.co.camcon          uk.co.cambridge-consultants
camcus       *uk.ac.cam.cus         uk.ac.cambridge.central-unix-service
camphx       *uk.ac.cam.phx         uk.ac.cambridge.phoenix
camscan      *uk.co.camscan         *uk.co.camscan
canon        *uk.co.canon           uk.co.canon-research-europe
cardiff      uk.ac.cf               *uk.ac.cardiff
careful      -                      -
case         *uk.co.case            uk.co.dowty-communications-ltd
cclsun       *uk.ac.umist.ccl       uk.ac.umist.language-linguistics
cctal        -                      -
cctan        -                      -
cel          *uk.co.crosfield       *uk.co.crosfield
cf-cm        uk.ac.cf.cm            *uk.ac.cardiff.computing-maths
cf-styx      uk.ac.cf.styx          *uk.ac.cardiff.styx
cf-tf        uk.ac.cf.taff          *uk.ac.cardiff.taff
cf-thor      uk.ac.cf.thor          *uk.ac.cardiff.thor
cfm0101      -                      -
cged         *uk.co.cged            uk.co.computer-general-electronic-design
chaplin      *uk.co.bt.chaplin      uk.co.british-telecom.chaplin
chaser       *uk.co.chaser          uk.co.chase-research
chelgraph    *uk.co.chelgraph       *uk.co.chelgraph
chern        uk.co.chern            *uk.co.chernikeeff
cil          *uk.co.cil             uk.co.computer-international-ltd
cintel       -                      -
cisas        *uk.co.icl.cisas       *uk.co.icl.cisas
citins       uk.ac.cran.citi        *uk.ac.cranfield.citi
city         *uk.ac.city            *uk.ac.city
citycs       *uk.ac.city.cs         *uk.ac.city.cs
cix          uk.co.clink            *uk.co.compulink
cixcix       uk.co.clink.cix        *uk.co.compulink.cix
cixlix       uk.co.clink.lix        *uk.co.compulink.lix
clpoly       *uk.ac.clp             uk.ac.city-poly
cnix         *uk.co.cnix            *uk.co.cnix
cns          uk.ac.umist.cns        *uk.ac.umist.central-services.sun
cobuild      -                      -
cogs         *uk.ac.susx.cogs       uk.ac.sussex.cogs
coh-uk       uk.co.coh              *uk.co.cohtech
collins      -                      -
compnews     *uk.co.compnews        uk.co.cns-howden
concurrent   uk.co.ccur             *uk.co.concurrent
coreabz      -                      -
coventry     uk.ac.cov              *uk.ac.coventry
covpoly      uk.ac.cov.csboojum     *uk.ac.coventry.csboojum
crab         -                      -
crayuk       uk.co.cray             *uk.co.cray-research
crown        *uk.co.bt.crown        uk.co.british-telecom.crown
csbstan      *uk.ac.st-and.cs       uk.ac.st-andrews.cs
csisles      uk.ac.bris.cs          *uk.ac.bristol.compsci
cstr         *uk.ac.ed.cstr         uk.ac.edinburgh.cstr
ctssuk       *uk.co.ctss            uk.co.computhoughts
cvedg        *uk.co.cv.edg          uk.co.computervision.edg
cybaswan     *uk.ac.swan.pyr        uk.ac.swansea.pyramid
cyborg       *uk.co.bt.cyborg       uk.co.british-telecom.cyborg
daresbury    uk.ac.dl               *uk.ac.daresbury
datapath     *uk.co.datapath        *uk.co.datapath
datasci      *uk.co.datasci         uk.co.data-sciences
datcon       *uk.co.datcon          uk.co.data-connection
datlog       *uk.co.datlog          uk.co.datalogic
dcl-cs       *uk.ac.lancs.comp      uk.ac.lancaster.computing
ddsys        -                      -
delluk       *uk.co.dell            *uk.co.dell
demon        *uk.co.demon           uk.co.demon-systems
desktop      uk.co.dtc              *uk.co.desktop
digipix      -                      -
dircon       *uk.co.dircon          *uk.co.dircon
dlcxa        *uk.ac.dl.cxa          uk.ac.daresbury.cxa
dlga         *uk.ac.dl.dlga         uk.ac.daresbury.dlga
dlgm         *uk.ac.dl.dlgm         uk.ac.daresbury.dlgm
dlmail       *uk.ac.dl.mail         uk.ac.daresbury.mail
dlnnga       *uk.ac.dl.nnga         uk.ac.daresbury.nnga
dlnngb       *uk.ac.dl.nngb         uk.ac.daresbury.nngb
dlnngk       *uk.ac.dl.nngk         uk.ac.daresbury.nngk
dlnngs       *uk.ac.dl.nngs         uk.ac.daresbury.nngs
dlnpmail     -                      -
dlva         *uk.ac.dl.dlva         uk.ac.daresbury.dlva
dlvd         *uk.ac.dl.dlvd         uk.ac.daresbury.dlvd
dlve         *uk.ac.dl.dlve         uk.ac.daresbury.dlve
dlvf         *uk.ac.dl.dlvf         uk.ac.daresbury.dlvf
dlvg         *uk.ac.dl.dlvg         uk.ac.daresbury.dlvg
dlvh         *uk.ac.dl.dlvh         uk.ac.daresbury.dlvh
dolmus       -                      -
dps-uk       *uk.co.dps             uk.co.dupont-pixel-systems
dpsl         -                      -
drake        *uk.co.bt.drake        uk.co.british-telecom.drake
dsbc         *uk.co.icl.dsbc        *uk.co.icl.dsbc
dtinpl       *uk.co.npl.npl1        uk.co.national-physical-lab.npl1
dtited       *uk.co.npl.newton      uk.co.national-physical-lab.newton
dundee       uk.ac.dund             *uk.ac.dundee
dundpa       uk.ac.dund.pa          *uk.ac.dundee.primea
dundpb       uk.ac.dund.pb          *uk.ac.dundee.primeb
durham       *uk.ac.durham          *uk.ac.durham
dynasuk      uk.co.dynasuk          *uk.co.dynamic-software
dzone        uk.co.dzone            *uk.co.datazone
eanrel       uk.ac.ean              *uk.ac.ean-relay
easby        *uk.ac.dur.easby       uk.ac.durham.easby
eatl         *uk.co.eatl            uk.co.ea-technology
ecmwf        *uk.co.ecmwf           uk.co.european-weather-centre
ecmwfun      *uk.co.ecmwf.unicos    uk.co.european-weather-centre.unicos
ecmwfva      *uk.co.ecmwf.vax       uk.co.european-weather-centre.vax
ecmwfve      *uk.co.ecmwf.ve1       uk.co.european-weather-centre.ve1
ed           *uk.ac.ed              uk.ac.edinburgh
edai         *uk.ac.ed.edai         uk.ac.edinburgh.edai
edcaad       *uk.ac.ed.caad         uk.ac.edinburgh.caad
edcastle     *uk.ac.ed.castle       uk.ac.edinburgh.castle
edcns        *uk.ac.ed.cns          uk.ac.edinburgh.cns
edcogsci     *uk.ac.ed.cogsci       uk.ac.edinburgh.cogsci
edcs         *uk.ac.ed.cs           uk.ac.edinburgh.computer-science
eddcs        *uk.ac.ed.dcs          uk.ac.edinburgh.dcs
edecsvax     *uk.ac.ed.ecsvax       uk.ac.edinburgh.ecsvax
edee         *uk.ac.ed.edee         uk.ac.edinburgh.edee
edisg        *uk.ac.ed.isg          uk.ac.edinburgh.isg
edmusic      *uk.ac.ed.music        uk.ac.edinburgh.music
edrc         *uk.ac.edrc            uk.ac.engineering-design-research-centre
educ-isis    *uk.ac.lon.ioe         *uk.ac.lon.ioe
egh-qc       -                      -
elfgrc       *uk.co.elfgrc          uk.co.elf-geoscience-research
emas-a       *uk.ac.ed.emas-a       uk.ac.edinburgh.emas-a
emf          *uk.ac.ed.emf          uk.ac.edinburgh.emf
epsoft       -                      -
ercvax       *uk.ac.ed.ercvax       uk.ac.edinburgh.ercvax
es2          uk.co.es2              *uk.co.european-silicon-structures
estcarp      -                      -
etherm       uk.co.etherm           *uk.co.eurotherm
eucad        *uk.co.eucad           *uk.co.eucad
eurodem      -                      -
europen      -                      -
eurovi       -                      -
ex-dcs       *uk.ac.ex.dcs          uk.ac.exeter.dcs
exeter       uk.ac.ex               *uk.ac.exeter
exua         *uk.ac.ex.ua           uk.ac.exeter.exua
fcsl         -                      -
fdsl         *uk.co.colloquium      *uk.co.colloquium
fel0103      -                      -
fininf       -                      -
fmg          *uk.co.bt.fmg          uk.co.british-telecom.fmg
fmlrnd       *uk.co.fmlrnd          uk.co.fujitsu-microelectronics-rnd
fulcrum      *uk.co.bt.fulcrum      uk.co.british-telecom.fulcrum
galadriel    *uk.co.bt.galadriel    uk.co.british-telecom.galadriel
gapos        *uk.co.bt.gapos        uk.co.british-telecom.gapos
garland      *uk.co.bt.garland      uk.co.british-telecom.garland
gav          uk.co.gec-av           *uk.co.gec-avionics
gdr          *uk.ac.bath.gdr        *uk.ac.bath.gdr
gdt          *uk.ac.bath.gdt        *uk.ac.bath.gdt
geatland     *uk.co.bt.geatland     uk.co.british-telecom.geatland
gec-erc      *uk.co.gec-erc         *uk.co.gec-erc
gec-mrc      *uk.co.gec-mrc         *uk.co.gec-mrc
gecepl       *uk.co.gec-epl         *uk.co.gec-epl
geosys       *uk.co.geosys          *uk.co.geosys
gerboa       *uk.co.cpg             uk.co.computer-power-europe
gfms         *uk.co.bt.gfms         uk.co.british-telecom.gfms
gid          *uk.co.gid             uk.co.group-id
glasgow      uk.ac.gla.dcs          *uk.ac.glasgow.dcs
glgeol       uk.ac.gla.geology      *uk.ac.glasgow.geology
glpsy        uk.ac.gla.psy          *uk.ac.glasgow.psy
gmsws        *uk.co.gmsws           uk.co.gec-marconi-software-systems
gn           -                      -
gnome        *uk.co.gnome           uk.co.gnome-computers
gpt          *uk.co.gpt             *uk.co.gpt
gpt-ds-mhd   *uk.co.gpt.ds.mhd      uk.co.gpt.data-systems.mhd
gptncp       -                      -
gruk         *uk.co.genrad          uk.co.genrad-uk
harlqn       *uk.co.harlqn          uk.co.harlequin
harwell      -                      -
hatfield     uk.ac.hat              *uk.ac.hatfield
hci          *uk.ac.hw.hci          uk.ac.heriot-watt.hci
hel          -                      -
heracles     -                      -
hfnet        *uk.co.bt.hfnet        uk.co.british-telecom.hfnet
hillside     *uk.co.hillside        *uk.co.hillside
hiper        *uk.co.hiper           uk.co.hipersoft
hoskyns      *uk.co.hoskyns         uk.co.hoskyns-group
hpl          *uk.co.hp              uk.co.hewlett-packard
hplb         *uk.co.hp.hpl          uk.co.hewlett-packard.hpl
hrc63        uk.co.gec-hrc          *uk.co.gec-rl-hrc
hu-cs        *uk.ac.hull.cs         *uk.ac.hull.cs
hu-isd       *uk.ac.hull.cs.isdg    *uk.ac.hull.cs.isdg
hwcc1        *uk.ac.hw.vaxa         uk.ac.heriot-watt.vaxa
hwcc2        *uk.ac.hw.vaxb         uk.ac.heriot-watt.vaxb
hwcs         *uk.ac.hw.cs           uk.ac.heriot-watt.cs
hwee         *uk.ac.hw.ee           uk.ac.heriot-watt.ee
hydres       -                      -
hytecw       -                      -
ibmassc      *uk.co.ibm.aixssc      *uk.co.ibm.aixssc
ibmpcug      *uk.co.ibmpcug         *uk.co.ibmpcug
iccc         *uk.ac.ic.cc           uk.ac.imperial.cc
icccva       *uk.ac.ic.cc.vaxa      uk.ac.imperial.cc.vaxa
icccve       -                      -
icdoc        *uk.ac.ic.doc          uk.ac.imperial.doc
iceeti       *uk.ac.ic.ee.titan     uk.ac.imperial.ee.titanic
icl          *uk.co.icl             *uk.co.icl
icl-kid      *uk.co.icl.kid01pml    *uk.co.icl.kid01pml
icl5g        *uk.co.icl.fiveg       *uk.co.icl.fiveg
iclbra       *uk.co.icl.oasis       *uk.co.icl.oasis
icldbl       *uk.co.icl.lcep        *uk.co.icl.lcep
iclnsc       -                      -
icloda       *uk.co.icl.oda         *uk.co.icl.oda
iclsss       *uk.co.icl.sss         *uk.co.icl.sss
iclwin       *uk.co.icl.win         *uk.co.icl.win
iclzen       *uk.co.icl.zen         *uk.co.icl.zen
icphop       *uk.ac.ic.ph.op        uk.ac.imperial.physics.optics
icrf         *uk.ac.icrf            *uk.ac.icrf
ideuk        -                      -
idistech     *uk.co.idistech        *uk.co.idistech
igems        *uk.co.igems           uk.co.ige-medical-systems
imst         *uk.co.bt.imst         uk.co.british-telecom.imst
independent  -                      -
infnuk       *uk.co.infnuk          uk.co.infotron
inmos        *uk.co.inmos           *uk.co.inmos
inmos-is     *uk.co.inmos.isnet     *uk.co.inmos.isnet
inphase      -                      -
inset        *uk.co.inset           uk.co.instruction-set
insignia     -                      -
integ        -                      -
ipsys        -                      -
ire0901      -                      -
islondon     *uk.co.goulduk         uk.co.gould-computers
isstan       -                      -
ist          *uk.co.ist             uk.co.imperial-software-tech
istar        *uk.co.ist.istar       uk.co.imperial-software-tech.istar
itri         *uk.ac.bton.itri       uk.ac.brighton.it-research-institute
its          *uk.co.bt.its          uk.co.british-telecom.its
ivesco       -                      -
ixi          *uk.co.x               uk.co.ixi-limited
jclark       -                      -
jet          *uk.jet                uk.joint-european-torus
jsb          *uk.co.jsb             uk.co.multiview
jungle       *uk.co.bt.jungle       uk.co.british-telecom.jungle
k-par        *uk.co.k-par           *uk.co.k-par
k2           -                      -
kbss         *uk.co.bt.kbss         uk.co.british-telecom.kbss
kcl-cs       -                      -
kclash       *uk.ac.kcl.cc.ash      *uk.ac.kcl.cc.ash
kclelm       *uk.ac.kcl.cc.elm      *uk.ac.kcl.cc.elm
kclgold      *uk.ac.lon.gold        *uk.ac.lon.gold
kclhazel     *uk.ac.kcl.cc.hazel    *uk.ac.kcl.cc.hazel
kclmaple     *uk.ac.kcl.cc.maple    *uk.ac.kcl.cc.maple
kcloak       *uk.ac.kcl.cc.oak      *uk.ac.kcl.cc.oak
kclportia    uk.ac.lon.umds.c01     *uk.ac.lon.umds.portia
kcluxt       -                      -
keele        uk.ac.kl               *uk.ac.keele
kernel       *uk.co.kernel          uk.co.kernel-technology
kewill       *uk.co.kewill          *uk.co.kewill
kid0109      -                      -
kid0110      -                      -
kid0111      -                      -
kingpol      uk.ac.king             *uk.ac.kingston
kings        -                      -
kl-cs        uk.ac.kl.cs            *uk.ac.keele.cs
kl-seq1      uk.ac.kl.seq1          *uk.ac.keele.seq1
knosof       -                      -
kyns         *uk.co.bt.kyns         uk.co.british-telecom.kyns
labyrinth    -                      -
lan-cc       *uk.ac.lancs.cent1     uk.ac.lancaster.central1
lan-pd       *uk.ac.lancs.pdsoft    uk.ac.lancaster.pd-software
lancaster    uk.ac.lancs            *uk.ac.lancaster
lbmslon      -                      -
leicester    uk.ac.le               *uk.ac.leicester
leicp        *uk.ac.leicp           uk.ac.leicester-poly
leicvax      uk.ac.le.vax           *uk.ac.leicester.vax
lena         uk.ac.leeds.ee         *uk.ac.leeds.elec-eng
leva         uk.ac.leeds.leva       *uk.ac.leeds.icf.leva
lexhw        -                      -
lfcs         *uk.ac.ed.lfcs         uk.ac.edinburgh.lfcs
lhmcux       *uk.ac.lon.lhmc.ux     *uk.ac.lon.lhmc.ux
lightwk      *uk.co.lightwork       *uk.co.lightwork
liv          *uk.ac.liv             uk.ac.liverpool
liv-ib       *uk.ac.liv.ibm         uk.ac.liverpool.ibm
liv-uxa      *uk.ac.liv.uxa         uk.ac.liverpool.uxa
liv-uxb      *uk.ac.liv.uxb         uk.ac.liverpool.uxb
livscmb      *uk.ac.liv.scm.mvb     uk.ac.liverpool.scm.mvb
lloydreg     *uk.co.lreg.aie        uk.co.lloyds-register.aie
log-3com     uk.co.lgtek.threec     *uk.co.logitek.threec
logcam       *uk.co.logcam          uk.co.logica-cambridge
logitek      uk.co.lgtek            *uk.co.logitek
lond         -                      -
londac       *uk.ac.lon             *uk.ac.lon
lonsqnt      *uk.co.lonsqnt         *uk.co.lonsqnt
lonwye       *uk.ac.lon.wye         *uk.ac.lon.wye
lse          *uk.ac.lse             *uk.ac.lse
lse-pims     -                      -
lse-vax      *uk.ac.lse.vax         *uk.ac.lse.vax
lsieur       *uk.co.lsi-logic       *uk.co.lsi-logic
lsl          *uk.co.lsl             uk.co.laser-scan
lsply        uk.ac.lsply            *uk.ac.leeds-poly
lssec        *uk.co.bt.lssec        uk.co.british-telecom.lssec
ltgroup      *uk.co.ltgroup         uk.co.legal-trustees-group
ltprod       *uk.co.ltech           uk.co.leading-technology
lucaec       -                      -
lucifer      *uk.co.lucasauto.eg    uk.co.lucas-automotive.eg
lucs         *uk.ac.liv.csc         uk.ac.liverpool.compsci
lucsand      *uk.ac.liv.csc.and     uk.ac.liverpool.compsci.anduin
lut          *uk.ac.lut             uk.ac.loughborough
lutsuna      *uk.ac.lut.suna        uk.ac.loughborough.suna
lutvaxa      *uk.ac.lut.vaxa        uk.ac.loughborough.vaxa
man0505      -                      -
man0506      -                      -
manchester   uk.ac.man              *uk.ac.manchester
manpol       uk.ac.manp.com.sun     *uk.ac.manchester-poly.computing.sun
mantis       *uk.co.mantis          uk.co.mantis-consultants
march        *uk.co.march           *uk.co.march
mari         *uk.co.mari            *uk.co.mari
mcare        -                      -
mcc          *uk.ac.mcc             uk.ac.manchester-computing-centre
mcccms       uk.ac.mcc.cms          *uk.ac.manchester-computing-centre.cms
mccuts       uk.ac.mcc.uts          *uk.ac.manchester-computing-centre.uts
mcdd1        -                      -
mclfax       -                      -
mclprism     -                      -
mct          -                      -
meiko        *uk.co.meiko           *uk.co.meiko
memex        *uk.co.memex           *uk.co.memex
metadgm      -                      -
metagen      -                      -
metier       -                      -
metruk       -                      -
mfmail       *uk.co.mfltd           uk.co.micro-focus-ltd
mgc          -                      -
miclon       *uk.co.micrognosis     *uk.co.micrognosis
micromuse    *uk.co.micromuse       *uk.co.micromuse
miduet       *uk.co.gec-mi-at       *uk.co.gec-mi-at
minster      *uk.ac.york.minster    *uk.ac.york.minster
mirage       -                      -
mono         *uk.co.mono            uk.co.monotype
monoadg      *uk.co.mono.adg        uk.co.monotype.adg
monoctd      *uk.co.mono.ctdl       uk.co.monotype.ctdl
monosof      *uk.co.mono.soft       uk.co.monotype.soft
monotypo     *uk.co.mono.typo       uk.co.monotype.typo
mpread       *uk.co.mpread          *uk.co.mpread
mrc-apu      *uk.ac.cam.mrc-apu     uk.ac.cambridge.mrc-applied-psychology
mrc-lmb      *uk.ac.cam.mrc-lmb     uk.ac.cambridge.mrc-molecular-biology
mrccrc       uk.ac.crc              *uk.ac.mrc-crc
mrcvax       *uk.ac.ed.mrcvax       uk.ac.edinburgh.mrcvax
msim         *uk.co.msim            uk.co.marconi-simulation
msor         uk.ac.ex.msor          *uk.ac.exeter.msor
mu-jbs       *uk.ac.man.jb.star     uk.ac.manchester.jodrell-bank.starlink
mucgu        *uk.ac.mcc.cgu         uk.ac.manchester-computing-centre.graphics
mucs         *uk.ac.man.cs          uk.ac.manchester.computer-science
muee         *uk.ac.man.ee.v1       uk.ac.manchester.electrical-engineering.vax1
mup1         *uk.ac.man.cs.p1       uk.ac.manchester.computer-science.hce
mupsy        *uk.ac.man.psy         uk.ac.manchester.psychology-a
mur1         *uk.ac.man.cs.r1       uk.ac.manchester.computer-science.research1
mur2         *uk.ac.man.cs.r2       uk.ac.manchester.computer-science.research2
mur3         *uk.ac.man.cs.r3       uk.ac.manchester.computer-science.research3
mur4         *uk.ac.man.cs.r4       uk.ac.manchester.computer-science.research4
mur5         *uk.ac.man.cs.r5       uk.ac.manchester.computer-science.mushroom
mur6         *uk.ac.man.cs.r6       uk.ac.manchester.computer-science.research6
mur7         *uk.ac.man.cs.r7       uk.ac.manchester.computer-science.research7
mwuk         *uk.co.microware       *uk.co.microware
mxpoly       *uk.ac.mx.cluster      uk.ac.middlesex.cluster
mxvaxa       *uk.ac.mx.vaxa         uk.ac.middlesex.vaxa
mxvaxb       *uk.ac.mx.vaxb         uk.ac.middlesex.vaxb
nag          *uk.co.nag.vax         uk.co.num-alg-grp.vax
nan          uk.co.nan              *uk.co.network-analysis-ltd
nccotd       *uk.co.ncc             uk.co.national-computing-centre
ncdlab       uk.ac.ulcc.bunny       *uk.ac.ulcc.ncdlab
ncduk        -                      -
ncl          uk.ac.ncl              *uk.ac.newcastle
ncrgb        *uk.co.ncr.ncrgb       *uk.co.ncr.ncrgb
nel          *uk.nel                uk.national-engineering-laboratory
netman       *uk.co.netmgrs         uk.co.network-managers
newi         *uk.ac.newi            *uk.ac.newi
nextuk       -                      -
nibsc        *uk.ac.nibsc.comp      uk.ac.nibsc.computing
nimr         *uk.ac.mrc.nimr        uk.ac.mrc.national-institute-for-medical-research
niss         *uk.ac.niss.mvaxa      *uk.ac.niss.mvaxa
nkw-c1       *uk.ac.nkw.c1          uk.ac.nerc-keyworth.convex1
nopyr        -                      -
nott-cs      *uk.ac.nott.cs         uk.ac.nottingham.computer-science
nott-dir     *uk.ac.nott.dir        uk.ac.nottingham.directory
nott-ps      *uk.ac.nott.psyc       uk.ac.nottingham.psychology
nott-unicorn *uk.ac.nott.unicorn    uk.ac.nottingham.ccc.unicorn
nott-vax     *uk.ac.nott.vax        uk.ac.nottingham.ccc.vax
nott-vme     *uk.ac.nott.vme        uk.ac.nottingham.ccc.vme
npcs         *uk.ac.napier.cs       uk.ac.napier.computer-studies
nplcsu       *uk.co.npl.csu         uk.co.national-physical-lab.csu
npldsg       *uk.co.npl.dsg         uk.co.national-physical-lab.dsg
nplpsg       *uk.co.npl.psg         uk.co.national-physical-lab.psg
nplseg       *uk.co.npl.seg         uk.co.national-physical-lab.seg
nsfrel       uk.ac.nsf              *uk.ac.nsfnet-relay
nsosbc       *uk.co.icl.ctu         *uk.co.icl.ctu
nuguk        -                      -
nwbosg       -                      -
nxfi30       -                      -
olgb1        -                      -
omega        -                      -
otibuk11     -                      -
ouacs        uk.ac.ou.acsvax        *uk.ac.open.acs.vax
oup-uk       -                      -
owl-uk       uk.co.owl-uk           *uk.co.office-workstations-ltd
ox-na        uk.ac.ox.na            *uk.ac.oxford.na
ox-prg       uk.ac.ox.prg           *uk.ac.oxford.prg
ox-rob       uk.ac.ox.robots        *uk.ac.oxford.robots
oxcnvx       uk.ac.ox.convex        *uk.ac.oxford.convex
oxdigi       -                      -
oxph         *uk.ac.ox.ph           uk.ac.oxford.physics
oxphv1       *uk.ac.ox.ph.v1        uk.ac.oxford.physics.vax1
oxphv6       *uk.ac.ox.ph.v6        uk.ac.oxford.physics.vax6
oxpolya      uk.ac.oxpoly.a         *uk.ac.oxford-poly.prime-a
oxstats      uk.ac.ox.stats         *uk.ac.oxford.statistics
oxuniv       uk.ac.ox.vax           *uk.ac.oxford.vax
pacemk       -                      -
pafec        *uk.co.pafec           *uk.co.pafec
paisley      *uk.ac.paisley.cs      uk.ac.paisley.computer-science
parsys       *uk.co.parsys          *uk.co.parsys
pasture      -                      -
pcl-badger   *uk.ac.pcl.badger      *uk.ac.pcl.badger
pcl-mole     *uk.ac.pcl.mole        *uk.ac.pcl.mole
pcl-otter    *uk.ac.pcl.otter       *uk.ac.pcl.otter
pcl-stoat    *uk.ac.pcl.stoat       *uk.ac.pcl.stoat
pecc         -                      -
perf         *uk.co.bt.perf         uk.co.british-telecom.perf
pericom      -                      -
perisl       uk.co.perisl           *uk.co.perihelion
pfizer       *uk.co.pcr.svax05      uk.co.pfizer-central-research.svax05
pfizer1      *uk.co.pcr.snd01       uk.co.pfizer-central-research.snd01
pfizer2      *uk.co.pcr.snd02       uk.co.pfizer-central-research.snd02
phcomp       *uk.co.phcomp          uk.co.parliament-hill-computers
pilkres      -                      -
pims         uk.co.phil.ims         *uk.co.philips.ims
pio          *uk.co.gid.pio         uk.co.group-id.pio
pirnet       -                      -
planet       *uk.co.bt.planet       uk.co.british-telecom.planet
port         *uk.ac.port.cv         uk.ac.portsmouth.csovax
portee       *uk.ac.port.ee         uk.ac.portsmouth.electeng.apollo
pow          *uk.ac.pow.genvax      uk.ac.poly-of-wales.computer-centre.genvax
praxis       *uk.co.praxis          *uk.co.praxis
prd          *uk.co.prd             uk.co.psychometric-research-and-development-ltd
prl0         -                      -
prlapg2      uk.co.phil.apg         *uk.co.philips.apg
prlhp1       uk.co.phil.prl         *uk.co.philips.prl
prolingua    uk.co.prlng            *uk.co.prolingua
protek       *uk.co.protek          *uk.co.protek
pyrltd       *uk.co.pyra            uk.co.pyramid-technology
qb-cc        *uk.ac.qub.v1          uk.ac.queens-belfast.centre.vax1
qmw          *uk.ac.qmw             *uk.ac.qmw
qmw-dcs      *uk.ac.qmw.dcs         *uk.ac.qmw.dcs
qmw-ms       *uk.ac.qmw.maths       *uk.ac.qmw.maths
qmwgate      *uk.ac.qmw.omega       *uk.ac.qmw.omega
qtlon        *uk.co.quantime        *uk.co.quantime
qtnet        -                      -
quaduk       -                      -
r-free       *uk.ac.lon.rfhsm.ux    *uk.ac.lon.rfhsm.ux
r15a         *uk.co.bt.r15a         uk.co.british-telecom.r15a
radionet     *uk.co.bt.radionet     uk.co.british-telecom.radionet
ramca        -                      -
ramuk        -                      -
rea0803      -                      -
rea0805      -                      -
reading      uk.ac.rdg              *uk.ac.reading
readyuk      -                      -
redact       -                      -
reflex       *uk.co.reflex          uk.co.reflex-manufacturing-systems
retixuk      *uk.co.retixuk         *uk.co.retixuk
reuters      -                      -
rgitee       -                      -
rgoa         uk.ac.rgo              *uk.ac.ro-greenwich
rgos         *uk.ac.cam.ast-star    uk.ac.cambridge.astronomy.starlink
rgosrf       *uk.ac.rgo.srf         uk.ac.ro-greenwich.srf
rhbnc        *uk.ac.rhbnc.cs        *uk.ac.rhbnc.cs
rhbnca       *uk.ac.rhbnc.vax       *uk.ac.rhbnc.vax
ritd         *uk.co.ritd            uk.co.racal-itd
rlde         uk.ac.rl.de            *uk.ac.rutherford.dec-e
rlgb         *uk.ac.rl.gec-b        uk.ac.rutherford.gec-b
rlibmb       *uk.ac.rl.ib           uk.ac.rutherford.ibm-b
rlinf        *uk.ac.rl.inf          uk.ac.rutherford.informatics
rljnt        *uk.ac.jnt             *uk.ac.jnt
rlve         *uk.ac.rl.ve           uk.ac.rutherford.vax-e
rlvl         *uk.ac.rl.vl           uk.ac.rutherford.vax-l
rlvn         *uk.ac.rl.vn           uk.ac.rutherford.vax-n
rmcs         *uk.ac.cran.rmcs       uk.ac.cranfield.rmcs
robgnw       -                      -
robobar      *uk.co.robobar         *uk.co.robobar
roke         *uk.co.roke            uk.co.roke-manor
root44       *uk.co.root            *uk.co.root
rosemnt      uk.co.rosemnt          *uk.co.rosemount
rrl          -                      -
rt21500      *uk.co.bt.rt21500      uk.co.british-telecom.rt21500
rtf          *uk.co.bt.rtf          uk.co.british-telecom.rtf
rtp          -                      -
rtztsl       -                      -
s-strat      *uk.co.s-strat         uk.co.alex-technologies-ltd
sadss        -                      -
sageltd      -                      -
sakura       -                      -
salf-a       *uk.ac.salf.a          uk.ac.salford.sysa
salf-b       *uk.ac.salf.b          uk.ac.salford.sysb
salf-c       *uk.ac.salf.c          uk.ac.salford.sysc
salf-e       *uk.ac.salf.e          uk.ac.salford.syse
salf-m       uk.ac.salf.mathsun     *uk.ac.salford.mathsun
salf-p       uk.ac.salf.mcs         *uk.ac.salford.mcs
sast         *uk.co.sast            *uk.co.sast
sbil         -                      -
scol         -                      -
scp          *uk.ac.scp             uk.ac.sheffield-city-poly
scpcms       *uk.ac.scp.cms         uk.ac.sheffield-city-poly.computing-and-management-sciences
sdsci        *uk.co.sdsci.sdsph     uk.co.sd-scicon.camberley
sdswav       *uk.co.sdsci.sdswav    uk.co.sd-scicon.wavendon
semagl       *uk.co.semagl          *uk.co.semagl
semalc       *uk.co.semalc          *uk.co.semalc
ses6x        *uk.co.bt.ses6x        uk.co.british-telecom.ses6x
sevene       *uk.co.sevene          *uk.co.sevene
shef         *uk.ac.shef.pa         uk.ac.sheffield.primea
shefib       *uk.ac.shef.ibm        uk.ac.sheffield.ibm
shefpe       *uk.ac.shef.pe         uk.ac.sheffield.primee
shefsa       *uk.ac.shef.suna       uk.ac.sheffield.suna
shefsc       *uk.ac.shef.sunc       uk.ac.sheffield.sunc
shluk        *uk.co.shl             uk.co.stewart-hughes
shlv2        *uk.co.shlv2           uk.co.saville-and-holdsworth-ltd
siesoft      *uk.co.siesoft         *uk.co.siesoft
simmag       -                      -
sintrom      *uk.co.sintrom         *uk.co.sintrom
sixnine      *uk.co.gid.sixnine     uk.co.group-id.sixnine
slxsys       uk.co.slxsys           *uk.co.specialix
smo          -                      -
softc        *uk.co.softc           uk.co.software-craftsmen
softgen      -                      -
solstc       -                      -
sonyuk       -                      -
sot-ecs      *uk.ac.soton.ecs       uk.ac.southampton.ecs
sot-ibm      *uk.ac.soton.ibm       uk.ac.southampton.ibm
sot-ms       *uk.ac.soton.maths     uk.ac.southampton.mathematics
spider       *uk.co.spider          *uk.co.spider
spuddy       -                      -
srd          *uk.co.bt.srd          uk.co.british-telecom.srd
ssiuk        *uk.co.ssiuk           uk.co.systems-strategies
ssl          uk.co.ssl              *uk.co.system-simulation
sslrnd       -                      -
sstl         -                      -
stade        *uk.co.stade           uk.co.stade-computers-limited
staffs-poly  *uk.ac.stafpol.cr83    uk.ac.staffordshire-polytechnic.cr83
stand        *uk.ac.st-and          uk.ac.st-andrews
stanhoney    *uk.ac.st-and.honey    uk.ac.st-andrews.honey
stc          *uk.co.stc.tcom        *uk.co.stc.tcom
stcssu       *uk.co.stc.ssu         *uk.co.stc.ssu
ste0906      -                      -
stircs       *uk.ac.stir.cs         uk.ac.stirling.compsci
stirfor      uk.ac.stir.forth       *uk.ac.stirling.forth
stirling     uk.ac.stir             *uk.ac.stirling
stirvb       uk.ac.stir.vaxb        *uk.ac.stirling.vaxb
stl          *uk.co.bnr             *uk.co.bnr
str-cad      *uk.ac.strath.cad      uk.ac.strathclyde.cad-centre
str-ccsun    *uk.ac.strath.ccsun    uk.ac.strathclyde.computer-centre-sun
str-va       *uk.ac.strath.vaxa     uk.ac.strathclyde.vaxa
str-vb       *uk.ac.strath.vaxb     uk.ac.strathclyde.vaxb
str-vd       *uk.ac.strath.vaxd     uk.ac.strathclyde.vaxd
str-ve       *uk.ac.strath.vaxe     uk.ac.strathclyde.vaxe
strath-cs    *uk.ac.strath.cs       uk.ac.strathclyde.computer-science
stratsyst    *uk.co.icl.sst         *uk.co.icl.sst
summer       *uk.co.bt.summer       uk.co.british-telecom.summer
sus-cs       uk.ac.susx.cluster     *uk.ac.sussex.cluster
swurcc       *uk.ac.swurcc          *uk.ac.swurcc
sx           *uk.ac.sx              uk.ac.essex
syma         uk.ac.susx.syma        *uk.ac.sussex.syma
synopuk      -                      -
tadtec       *uk.co.tadtec          uk.co.tadpole-technology-plc
tag          *uk.co.tag             uk.co.technology-applications-group
tarduk       *uk.co.tardis          uk.co.tardis-connect
task         -                      -
tdc          -                      -
te           *uk.co.bt.te           uk.co.british-telecom.te
tecc         *uk.co.tecc            *uk.co.tecc
tecs         -                      -
tekuk        -                      -
tesun2       uk.co.tecrl            *uk.co.thorn-emi-crl
tetrauk      *uk.co.tetra           *uk.co.tetra
texins       *uk.co.ti              uk.co.texas-instruments
tharr        -                      -
threel       *uk.co.threel          *uk.co.threel
tigress      -                      -
tivax        *uk.ac.turing          uk.ac.turing-institute
tluk02       *uk.co.toploguk        uk.co.toplog-uk-ltd
tmsl         -                      -
topexp       *uk.co.topexp          uk.co.topexpress
tp-pa        uk.ac.tp.pa            *uk.ac.tees-poly.prime-a
tpoly        uk.ac.tp               *uk.ac.tees-poly
transt       -                      -
trent        *uk.ac.trent           uk.ac.trent-poly
trent-doc    *uk.ac.trent.doc       uk.ac.trent-poly.doc
trevan       -                      -
trkbsc       -                      -
tug          -                      -
ubradcs      uk.ac.brad.comp        *uk.ac.bradford.computing
ucl          *uk.ac.ucl             *uk.ac.ucl
ucl-cs       *uk.ac.ucl.cs          *uk.ac.ucl.cs
ucl-ess      *uk.ac.ucl.cs.ess      *uk.ac.ucl.cs.ess
ucl-middx    *uk.ac.ucl.sm.uxm      *uk.ac.ucl.sm.uxm
ucl-mph      *uk.ac.ucl.sm.mph      *uk.ac.ucl.sm.mph
ucl-rayne    *uk.ac.ucl.sm.uxu      *uk.ac.ucl.sm.uxu
ucl-stats    *uk.ac.ucl.stats       *uk.ac.ucl.stats
ucnwen       *uk.ac.bangor.sees     *uk.ac.bangor.sees
uea-cpc      uk.ac.uea.cpc865       *uk.ac.east-anglia.cpc865
uea-sys      *uk.ac.uea.sys         uk.ac.east-anglia.information-systems
uel          *uk.co.uel             uk.co.att-unix-europe
uk01         -                      -
uk03         -                      -
uk96sup      -                      -
ukc          *uk.ac.ukc             *uk.ac.ukc
uknet        *uk.ac.uknet           uk.ac.uknet-relay
ukpoit       *uk.co.ukpoit          *uk.co.ukpoit
uksol        *uk.co.solbourne       uk.co.solbourne-computer
uksqnt       *uk.co.sequent         *uk.co.sequent
uktera       -                      -
uktex        *uk.ac.tex             *uk.ac.tex
ulai         *uk.ac.leeds.ai        *uk.ac.leeds.ai
ulcbl        *uk.ac.leeds.cbl       *uk.ac.leeds.cbl
ulccmv       *uk.ac.ulcc.mvs        *uk.ac.ulcc.mvs
ulccno       *uk.ac.ulcc.noc        *uk.ac.ulcc.noc
ulccsc       *uk.ac.ulcc.scgate     *uk.ac.ulcc.scgate
ulccvm       *uk.ac.ulcc.cms        *uk.ac.ulcc.cms
ulccvx       *uk.ac.ulcc.vmsfe      *uk.ac.ulcc.vmsfe
ulcms1       uk.ac.leeds.cms1       *uk.ac.leeds.ucs.cms1
ulcs         *uk.ac.leeds.dcs       *uk.ac.leeds.dcs
ulmgvx       uk.ac.ulst.mgvax       *uk.ac.ulster.mgvax
ulpr1        *uk.ac.leeds.prime1    uk.ac.leeds.ucs.prime1
ulucvx       uk.ac.ulst.ucvax       *uk.ac.ulster.ucvax
ulujvx       uk.ac.ulst.ujvax       *uk.ac.ulster.ujvax
ulvms1       *uk.ac.leeds.vms1      uk.ac.leeds.ucs.vms1
umaida       *uk.ac.umist.co.ap     uk.ac.umist.computation.apollo
umd          -                      -
umisg        *uk.ac.umist.co.sa     uk.ac.umist.computation.suna
umpa         uk.ac.umist.cn.pa      *uk.ac.umist.central-services.prime-a
umpb         uk.ac.umist.cn.pb      *uk.ac.umist.central-services.prime-b
uniead       *uk.co.uniead          uk.co.unisys-ead
unipalm      *uk.co.unipalm         *uk.co.unipalm
uniplex      uk.co.uplx             *uk.co.uniplex
unisysuk     *uk.co.unisysuk        *uk.co.unisysuk
uos-cs       uk.ac.surr.mcs         *uk.ac.surrey.mcs
uos-ee       uk.ac.surr.ee          *uk.ac.surrey.ee
uos-soc      uk.ac.surr.soc         *uk.ac.surrey.soc
upper        *uk.co.ist.upper       uk.co.imperial-software-tech.upper
utell        -                      -
valstr       -                      -
vaxswan      *uk.ac.swan.vax        uk.ac.swansea.vax
vegauk       -                      -
vig          -                      -
vision       uk.co.vision           *uk.co.visionware
vntguk       -                      -
warwick      *uk.ac.warwick         *uk.ac.warwick
wcmc         *uk.co.wcmc            uk.co.world-conservation-monitoring-centre
wessex       -                      -
westhawk     -                      -
win0103      -                      -
win0104      -                      -
win0109      -                      -
wiphm        -                      -
wolvpa       *uk.ac.wolves.a        uk.ac.wolverhampton.sysa
wruk         -                      -
xon          *uk.co.xon             *uk.co.xon
xopen        *uk.co.xopen           *uk.co.xopen
xtech        *uk.co.xtech           *uk.co.xtech
xtel         *uk.co.xtel            *uk.co.xtel
xylint       *uk.co.xylint          uk.co.xylogics-international
yorkohm      *uk.ac.york.ohm        *uk.ac.york.ohm
yorkva       *uk.ac.york.vaxa       *uk.ac.york.vaxa
yorkvb       *uk.ac.york.vaxb       *uk.ac.york.vaxb
zen          *uk.co.zen             uk.co.zengrange
zoo          *uk.co.bt.zoo          uk.co.british-telecom.zoo
--
James Grinter, c/o Dept Of Computing, Imperial College, LONDON, SW7 2BZ.
Aeval({227406,131304,719166,950732,993440,1364628,1491756,1868584,1235232,;
2151480,2524368,2802876,2769312,2839886,3104325,1824},;
{|x,y| QQout(chr((x%2048)/y)+chr(int((x/2048)/y))) })

